otherlines_id,type,existenceconfidence,identityconfidence,locationconfidencemeters,label,datasourceid,notes,symbol
GMA.OtherLines.2,Map Boundary,Standard Confidence,Standard Confidence,0,Map Boundary,GMA.DataSources.171,,321
GMA.OtherLines.4,Map Boundary,Standard Confidence,Standard Confidence,0,Map Boundary,GMA.DataSources.171,,321
GMA.OtherLines.6,Map Boundary,Standard Confidence,Standard Confidence,0,Map Boundary,GMA.DataSources.171,,321
GMA.OtherLines.8,Map Boundary,Standard Confidence,Standard Confidence,0,Map Boundary,GMA.DataSources.171,,321
GMA.OtherLines.10,Map Boundary,Standard Confidence,Standard Confidence,0,Map Boundary,GMA.DataSources.171,,321
GMA.OtherLines.12,Map Boundary,Standard Confidence,Standard Confidence,0,Map Boundary,GMA.DataSources.171,,321
GMA.OtherLines.14,Map Boundary,Standard Confidence,Standard Confidence,0,Map Boundary,GMA.DataSources.171,,321
GMA.OtherLines.16,Map Boundary,Standard Confidence,Standard Confidence,0,Map Boundary,GMA.DataSources.171,,321
GMA.OtherLines.18,Map Boundary,Standard Confidence,Standard Confidence,0,Map Boundary,GMA.DataSources.171,,321
GMA.OtherLines.20,Map Boundary,Standard Confidence,Standard Confidence,0,Map Boundary,GMA.DataSources.171,,321
GMA.OtherLines.22,Map Boundary,Standard Confidence,Standard Confidence,0,Map Boundary,GMA.DataSources.171,,321
GMA.OtherLines.24,Map Boundary,Standard Confidence,Standard Confidence,0,Map Boundary,GMA.DataSources.171,,321
GMA.OtherLines.26,Map Boundary,Standard Confidence,Standard Confidence,0,Map Boundary,GMA.DataSources.171,,321
GMA.OtherLines.28,Map Boundary,Standard Confidence,Standard Confidence,0,Map Boundary,GMA.DataSources.171,,321
GMA.OtherLines.30,Map Boundary,Standard Confidence,Standard Confidence,0,Map Boundary,GMA.DataSources.171,,321
GMA.OtherLines.32,Map Boundary,Standard Confidence,Standard Confidence,0,Map Boundary,GMA.DataSources.171,,321
GMA.OtherLines.34,Map Boundary,Standard Confidence,Standard Confidence,0,Map Boundary,GMA.DataSources.171,,321
GMA.OtherLines.36,Map Boundary,Standard Confidence,Standard Confidence,0,Map Boundary,GMA.DataSources.171,,321
GMA.OtherLines.38,Map Boundary,Standard Confidence,Standard Confidence,0,Map Boundary,GMA.DataSources.171,,321
GMA.OtherLines.40,Map Boundary,Standard Confidence,Standard Confidence,0,Map Boundary,GMA.DataSources.171,,321
GMA.OtherLines.42,Map Boundary,Standard Confidence,Standard Confidence,0,Map Boundary,GMA.DataSources.171,,321
GMA.OtherLines.44,Map Boundary,Standard Confidence,Standard Confidence,0,Map Boundary,GMA.DataSources.171,,321
GMA.OtherLines.46,Map Boundary,Standard Confidence,Standard Confidence,0,Map Boundary,GMA.DataSources.171,,321
GMA.OtherLines.48,Map Boundary,Standard Confidence,Standard Confidence,0,Map Boundary,GMA.DataSources.171,,321
GMA.OtherLines.50,Map Boundary,Standard Confidence,Standard Confidence,0,Map Boundary,GMA.DataSources.171,,321
GMA.OtherLines.52,Map Boundary,Standard Confidence,Standard Confidence,0,Map Boundary,GMA.DataSources.171,,321
GMA.OtherLines.54,Map Boundary,Standard Confidence,Standard Confidence,0,Map Boundary,GMA.DataSources.171,,321
GMA.OtherLines.56,Map Boundary,Standard Confidence,Standard Confidence,0,Map Boundary,GMA.DataSources.171,,321
GMA.OtherLines.58,Map Boundary,Standard Confidence,Standard Confidence,0,Map Boundary,GMA.DataSources.171,,321
GMA.OtherLines.60,Map Boundary,Standard Confidence,Standard Confidence,0,Map Boundary,GMA.DataSources.171,,321
GMA.OtherLines.62,Map Boundary,Standard Confidence,Standard Confidence,0,Map Boundary,GMA.DataSources.171,,321
GMA.OtherLines.64,Map Boundary,Standard Confidence,Standard Confidence,0,Map Boundary,GMA.DataSources.171,,321
GMA.OtherLines.66,Map Boundary,Standard Confidence,Standard Confidence,0,Map Boundary,GMA.DataSources.171,,321
GMA.OtherLines.68,Map Boundary,Standard Confidence,Standard Confidence,0,Map Boundary,GMA.DataSources.171,,321
GMA.OtherLines.70,Map Boundary,Standard Confidence,Standard Confidence,0,Map Boundary,GMA.DataSources.171,,321
GMA.OtherLines.72,Map Boundary,Standard Confidence,Standard Confidence,0,Map Boundary,GMA.DataSources.171,,321
GMA.OtherLines.74,Map Boundary,Standard Confidence,Standard Confidence,0,Map Boundary,GMA.DataSources.171,,321
GMA.OtherLines.76,Map Boundary,Standard Confidence,Standard Confidence,0,Map Boundary,GMA.DataSources.171,,321
GMA.OtherLines.78,Map Boundary,Standard Confidence,Standard Confidence,0,Map Boundary,GMA.DataSources.171,,321
GMA.OtherLines.80,Map Boundary,Standard Confidence,Standard Confidence,0,Map Boundary,GMA.DataSources.171,,321
GMA.OtherLines.82,Map Boundary,Standard Confidence,Standard Confidence,0,Map Boundary,GMA.DataSources.171,,321
GMA.OtherLines.84,Map Boundary,Standard Confidence,Standard Confidence,0,Map Boundary,GMA.DataSources.171,,321
GMA.OtherLines.86,Map Boundary,Standard Confidence,Standard Confidence,0,Map Boundary,GMA.DataSources.171,,321
GMA.OtherLines.88,Map Boundary,Standard Confidence,Standard Confidence,0,Map Boundary,GMA.DataSources.171,,321
GMA.OtherLines.90,Map Boundary,Standard Confidence,Standard Confidence,0,Map Boundary,GMA.DataSources.171,,321
GMA.OtherLines.92,Map Boundary,Standard Confidence,Standard Confidence,0,Map Boundary,GMA.DataSources.171,,321
GMA.OtherLines.94,Map Boundary,Standard Confidence,Standard Confidence,0,Map Boundary,GMA.DataSources.171,,321
GMA.OtherLines.96,Map Boundary,Standard Confidence,Standard Confidence,0,Map Boundary,GMA.DataSources.171,,321
GMA.OtherLines.98,Map Boundary,Standard Confidence,Standard Confidence,0,Map Boundary,GMA.DataSources.171,,321
GMA.OtherLines.100,Map Boundary,Standard Confidence,Standard Confidence,0,Map Boundary,GMA.DataSources.171,,321
GMA.OtherLines.102,Map Boundary,Standard Confidence,Standard Confidence,0,Map Boundary,GMA.DataSources.171,,321
GMA.OtherLines.104,Map Boundary,Standard Confidence,Standard Confidence,0,Map Boundary,GMA.DataSources.171,,321
GMA.OtherLines.106,Map Boundary,Standard Confidence,Standard Confidence,0,Map Boundary,GMA.DataSources.171,,321
GMA.OtherLines.108,Map Boundary,Standard Confidence,Standard Confidence,0,Map Boundary,GMA.DataSources.171,,321
GMA.OtherLines.110,Map Boundary,Standard Confidence,Standard Confidence,0,Map Boundary,GMA.DataSources.171,,321
GMA.OtherLines.198,Map Boundary,Standard Confidence,Standard Confidence,0,Map Boundary,GMA.DataSources.171,,321
GMA.OtherLines.204,Map Boundary,Standard Confidence,Standard Confidence,0,Map Boundary,GMA.DataSources.171,,321
GMA.OtherLines.206,Map Boundary,Standard Confidence,Standard Confidence,0,Map Boundary,GMA.DataSources.171,,321
GMA.OtherLines.112,Map Boundary,Standard Confidence,Standard Confidence,0,Map Boundary,GMA.DataSources.171,,321
GMA.OtherLines.114,Map Boundary,Standard Confidence,Standard Confidence,0,Map Boundary,GMA.DataSources.171,,321
GMA.OtherLines.116,Map Boundary,Standard Confidence,Standard Confidence,0,Map Boundary,GMA.DataSources.171,,321
GMA.OtherLines.156,Map Boundary,Standard Confidence,Standard Confidence,0,Map Boundary,GMA.DataSources.171,,321
GMA.OtherLines.158,Map Boundary,Standard Confidence,Standard Confidence,0,Map Boundary,GMA.DataSources.171,,321
GMA.OtherLines.160,Map Boundary,Standard Confidence,Standard Confidence,0,Map Boundary,GMA.DataSources.171,,321
GMA.OtherLines.162,Map Boundary,Standard Confidence,Standard Confidence,0,Map Boundary,GMA.DataSources.171,,321
GMA.OtherLines.164,Map Boundary,Standard Confidence,Standard Confidence,0,Map Boundary,GMA.DataSources.171,,321
GMA.OtherLines.166,Map Boundary,Standard Confidence,Standard Confidence,0,Map Boundary,GMA.DataSources.171,,321
GMA.OtherLines.118,Map Boundary,Standard Confidence,Standard Confidence,0,Map Boundary,GMA.DataSources.171,,321
GMA.OtherLines.120,Map Boundary,Standard Confidence,Standard Confidence,0,Map Boundary,GMA.DataSources.171,,321
GMA.OtherLines.122,Map Boundary,Standard Confidence,Standard Confidence,0,Map Boundary,GMA.DataSources.171,,321
GMA.OtherLines.124,Map Boundary,Standard Confidence,Standard Confidence,0,Map Boundary,GMA.DataSources.171,,321
GMA.OtherLines.126,Map Boundary,Standard Confidence,Standard Confidence,0,Map Boundary,GMA.DataSources.171,,321
GMA.OtherLines.128,Map Boundary,Standard Confidence,Standard Confidence,0,Map Boundary,GMA.DataSources.171,,321
GMA.OtherLines.130,Map Boundary,Standard Confidence,Standard Confidence,0,Map Boundary,GMA.DataSources.171,,321
GMA.OtherLines.132,Map Boundary,Standard Confidence,Standard Confidence,0,Map Boundary,GMA.DataSources.171,,321
GMA.OtherLines.134,Map Boundary,Standard Confidence,Standard Confidence,0,Map Boundary,GMA.DataSources.171,,321
GMA.OtherLines.136,Map Boundary,Standard Confidence,Standard Confidence,0,Map Boundary,GMA.DataSources.171,,321
GMA.OtherLines.200,Map Boundary,Standard Confidence,Standard Confidence,0,Map Boundary,GMA.DataSources.171,,321
GMA.OtherLines.138,Map Boundary,Standard Confidence,Standard Confidence,0,Map Boundary,GMA.DataSources.171,,321
GMA.OtherLines.140,Map Boundary,Standard Confidence,Standard Confidence,0,Map Boundary,GMA.DataSources.171,,321
GMA.OtherLines.142,Map Boundary,Standard Confidence,Standard Confidence,0,Map Boundary,GMA.DataSources.171,,321
GMA.OtherLines.144,Map Boundary,Standard Confidence,Standard Confidence,0,Map Boundary,GMA.DataSources.171,,321
GMA.OtherLines.146,Map Boundary,Standard Confidence,Standard Confidence,0,Map Boundary,GMA.DataSources.171,,321
GMA.OtherLines.148,Map Boundary,Standard Confidence,Standard Confidence,0,Map Boundary,GMA.DataSources.171,,321
GMA.OtherLines.150,Map Boundary,Standard Confidence,Standard Confidence,0,Map Boundary,GMA.DataSources.171,,321
GMA.OtherLines.152,Map Boundary,Standard Confidence,Standard Confidence,0,Map Boundary,GMA.DataSources.171,,321
GMA.OtherLines.154,Map Boundary,Standard Confidence,Standard Confidence,0,Map Boundary,GMA.DataSources.171,,321
GMA.OtherLines.168,Map Boundary,Standard Confidence,Standard Confidence,0,Map Boundary,GMA.DataSources.171,,321
GMA.OtherLines.170,Map Boundary,Standard Confidence,Standard Confidence,0,Map Boundary,GMA.DataSources.171,,321
GMA.OtherLines.172,Map Boundary,Standard Confidence,Standard Confidence,0,Map Boundary,GMA.DataSources.171,,321
GMA.OtherLines.174,Map Boundary,Standard Confidence,Standard Confidence,0,Map Boundary,GMA.DataSources.171,,321
GMA.OtherLines.176,Map Boundary,Standard Confidence,Standard Confidence,0,Map Boundary,GMA.DataSources.171,,321
GMA.OtherLines.178,Map Boundary,Standard Confidence,Standard Confidence,0,Map Boundary,GMA.DataSources.171,,321
GMA.OtherLines.180,Map Boundary,Standard Confidence,Standard Confidence,0,Map Boundary,GMA.DataSources.171,,321
GMA.OtherLines.182,Map Boundary,Standard Confidence,Standard Confidence,0,Map Boundary,GMA.DataSources.171,,321
GMA.OtherLines.184,Map Boundary,Standard Confidence,Standard Confidence,0,Map Boundary,GMA.DataSources.171,,321
GMA.OtherLines.186,Map Boundary,Standard Confidence,Standard Confidence,0,Map Boundary,GMA.DataSources.171,,321
GMA.OtherLines.188,Map Boundary,Standard Confidence,Standard Confidence,0,Map Boundary,GMA.DataSources.171,,321
GMA.OtherLines.190,Map Boundary,Standard Confidence,Standard Confidence,0,Map Boundary,GMA.DataSources.171,,321
GMA.OtherLines.192,Map Boundary,Standard Confidence,Standard Confidence,0,Map Boundary,GMA.DataSources.171,,321
GMA.OtherLines.194,Map Boundary,Standard Confidence,Standard Confidence,0,Map Boundary,GMA.DataSources.171,,321
GMA.OtherLines.196,Map Boundary,Standard Confidence,Standard Confidence,0,Map Boundary,GMA.DataSources.171,,321
GMA.OtherLines.202,Map Boundary,Standard Confidence,Standard Confidence,0,Map Boundary,GMA.DataSources.171,,321
GMA.OtherLines.208,Map Boundary,Standard Confidence,Standard Confidence,0,Map Boundary,GMA.DataSources.171,,321
GMA.OtherLines.210,Map Boundary,Standard Confidence,Standard Confidence,0,Map Boundary,GMA.DataSources.171,,321
GMA.OtherLines.212,Map Boundary,Standard Confidence,Standard Confidence,0,Map Boundary,GMA.DataSources.171,,321
GMA.OtherLines.214,Map Boundary,Standard Confidence,Standard Confidence,0,Map Boundary,GMA.DataSources.171,,321
GMA.OtherLines.216,Map Boundary,Standard Confidence,Standard Confidence,0,Map Boundary,GMA.DataSources.171,,321
GMA.OtherLines.218,Map Boundary,Standard Confidence,Standard Confidence,0,Map Boundary,GMA.DataSources.171,,321
GMA.OtherLines.220,Map Boundary,Standard Confidence,Standard Confidence,0,Map Boundary,GMA.DataSources.171,,321
GMA.OtherLines.222,Map Boundary,Standard Confidence,Standard Confidence,0,Map Boundary,GMA.DataSources.171,,321
GMA.OtherLines.224,Map Boundary,Standard Confidence,Standard Confidence,0,Map Boundary,GMA.DataSources.171,,321
GMA.OtherLines.226,Map Boundary,Standard Confidence,Standard Confidence,0,Map Boundary,GMA.DataSources.171,,321
GMA.OtherLines.228,Map Boundary,Standard Confidence,Standard Confidence,0,Map Boundary,GMA.DataSources.171,,321
GMA.OtherLines.230,Map Boundary,Standard Confidence,Standard Confidence,0,Map Boundary,GMA.DataSources.171,,321
GMA.OtherLines.232,Map Boundary,Standard Confidence,Standard Confidence,0,Map Boundary,GMA.DataSources.171,,321
GMA.OtherLines.234,Map Boundary,Standard Confidence,Standard Confidence,0,Map Boundary,GMA.DataSources.171,,321
GMA.OtherLines.236,Map Boundary,Standard Confidence,Standard Confidence,0,Map Boundary,GMA.DataSources.171,,321
GMA.OtherLines.238,Map Boundary,Standard Confidence,Standard Confidence,0,Map Boundary,GMA.DataSources.171,,321
GMA.OtherLines.240,Map Boundary,Standard Confidence,Standard Confidence,0,Map Boundary,GMA.DataSources.171,,321
GMA.OtherLines.242,Map Boundary,Standard Confidence,Standard Confidence,0,Map Boundary,GMA.DataSources.171,,321
GMA.OtherLines.244,Map Boundary,Standard Confidence,Standard Confidence,0,Map Boundary,GMA.DataSources.171,,321
GMA.OtherLines.246,Map Boundary,Standard Confidence,Standard Confidence,0,Map Boundary,GMA.DataSources.171,,321
GMA.OtherLines.248,Map Boundary,Standard Confidence,Standard Confidence,0,Map Boundary,GMA.DataSources.171,,321
GMA.OtherLines.250,Map Boundary,Standard Confidence,Standard Confidence,0,Map Boundary,GMA.DataSources.171,,321
GMA.OtherLines.252,Map Boundary,Standard Confidence,Standard Confidence,0,Map Boundary,GMA.DataSources.171,,321
GMA.OtherLines.254,Map Boundary,Standard Confidence,Standard Confidence,0,Map Boundary,GMA.DataSources.171,,321
GMA.OtherLines.256,Map Boundary,Standard Confidence,Standard Confidence,0,Map Boundary,GMA.DataSources.171,,321
GMA.OtherLines.258,Map Boundary,Standard Confidence,Standard Confidence,0,Map Boundary,GMA.DataSources.171,,321
GMA.OtherLines.260,Map Boundary,Standard Confidence,Standard Confidence,0,Map Boundary,GMA.DataSources.171,,321
GMA.OtherLines.262,Map Boundary,Standard Confidence,Standard Confidence,0,Map Boundary,GMA.DataSources.171,,321
GMA.OtherLines.264,Map Boundary,Standard Confidence,Standard Confidence,0,Map Boundary,GMA.DataSources.171,,321
GMA.OtherLines.266,Map Boundary,Standard Confidence,Standard Confidence,0,Map Boundary,GMA.DataSources.171,,321
GMA.OtherLines.294,Map Boundary,Standard Confidence,Standard Confidence,0,Map Boundary,GMA.DataSources.171,,321
GMA.OtherLines.342,Map Boundary,Standard Confidence,Standard Confidence,0,Map Boundary,GMA.DataSources.171,,321
GMA.OtherLines.268,Map Boundary,Standard Confidence,Standard Confidence,0,Map Boundary,GMA.DataSources.171,,321
GMA.OtherLines.300,Map Boundary,Standard Confidence,Standard Confidence,0,Map Boundary,GMA.DataSources.171,,321
GMA.OtherLines.270,Map Boundary,Standard Confidence,Standard Confidence,0,Map Boundary,GMA.DataSources.171,,321
GMA.OtherLines.272,Map Boundary,Standard Confidence,Standard Confidence,0,Map Boundary,GMA.DataSources.171,,321
GMA.OtherLines.274,Map Boundary,Standard Confidence,Standard Confidence,0,Map Boundary,GMA.DataSources.171,,321
GMA.OtherLines.306,Map Boundary,Standard Confidence,Standard Confidence,0,Map Boundary,GMA.DataSources.171,,321
GMA.OtherLines.308,Map Boundary,Standard Confidence,Standard Confidence,0,Map Boundary,GMA.DataSources.171,,321
GMA.OtherLines.276,Map Boundary,Standard Confidence,Standard Confidence,0,Map Boundary,GMA.DataSources.171,,321
GMA.OtherLines.278,Map Boundary,Standard Confidence,Standard Confidence,0,Map Boundary,GMA.DataSources.171,,321
GMA.OtherLines.280,Map Boundary,Standard Confidence,Standard Confidence,0,Map Boundary,GMA.DataSources.171,,321
GMA.OtherLines.282,Map Boundary,Standard Confidence,Standard Confidence,0,Map Boundary,GMA.DataSources.171,,321
GMA.OtherLines.284,Map Boundary,Standard Confidence,Standard Confidence,0,Map Boundary,GMA.DataSources.171,,321
GMA.OtherLines.286,Map Boundary,Standard Confidence,Standard Confidence,0,Map Boundary,GMA.DataSources.171,,321
GMA.OtherLines.288,Map Boundary,Standard Confidence,Standard Confidence,0,Map Boundary,GMA.DataSources.171,,321
GMA.OtherLines.290,Map Boundary,Standard Confidence,Standard Confidence,0,Map Boundary,GMA.DataSources.171,,321
GMA.OtherLines.292,Map Boundary,Standard Confidence,Standard Confidence,0,Map Boundary,GMA.DataSources.171,,321
GMA.OtherLines.296,Map Boundary,Standard Confidence,Standard Confidence,0,Map Boundary,GMA.DataSources.171,,321
GMA.OtherLines.298,Map Boundary,Standard Confidence,Standard Confidence,0,Map Boundary,GMA.DataSources.171,,321
GMA.OtherLines.302,Map Boundary,Standard Confidence,Standard Confidence,0,Map Boundary,GMA.DataSources.171,,321
GMA.OtherLines.304,Map Boundary,Standard Confidence,Standard Confidence,0,Map Boundary,GMA.DataSources.171,,321
GMA.OtherLines.310,Map Boundary,Standard Confidence,Standard Confidence,0,Map Boundary,GMA.DataSources.171,,321
GMA.OtherLines.432,Map Boundary,Standard Confidence,Standard Confidence,0,Map Boundary,GMA.DataSources.171,,321
GMA.OtherLines.312,Map Boundary,Standard Confidence,Standard Confidence,0,Map Boundary,GMA.DataSources.171,,321
GMA.OtherLines.314,Map Boundary,Standard Confidence,Standard Confidence,0,Map Boundary,GMA.DataSources.171,,321
GMA.OtherLines.316,Map Boundary,Standard Confidence,Standard Confidence,0,Map Boundary,GMA.DataSources.171,,321
GMA.OtherLines.318,Map Boundary,Standard Confidence,Standard Confidence,0,Map Boundary,GMA.DataSources.171,,321
GMA.OtherLines.320,Map Boundary,Standard Confidence,Standard Confidence,0,Map Boundary,GMA.DataSources.171,,321
GMA.OtherLines.322,Map Boundary,Standard Confidence,Standard Confidence,0,Map Boundary,GMA.DataSources.171,,321
GMA.OtherLines.324,Map Boundary,Standard Confidence,Standard Confidence,0,Map Boundary,GMA.DataSources.171,,321
GMA.OtherLines.326,Map Boundary,Standard Confidence,Standard Confidence,0,Map Boundary,GMA.DataSources.171,,321
GMA.OtherLines.328,Map Boundary,Standard Confidence,Standard Confidence,0,Map Boundary,GMA.DataSources.171,,321
GMA.OtherLines.330,Map Boundary,Standard Confidence,Standard Confidence,0,Map Boundary,GMA.DataSources.171,,321
GMA.OtherLines.332,Map Boundary,Standard Confidence,Standard Confidence,0,Map Boundary,GMA.DataSources.171,,321
GMA.OtherLines.334,Map Boundary,Standard Confidence,Standard Confidence,0,Map Boundary,GMA.DataSources.171,,321
GMA.OtherLines.336,Map Boundary,Standard Confidence,Standard Confidence,0,Map Boundary,GMA.DataSources.171,,321
GMA.OtherLines.338,Map Boundary,Standard Confidence,Standard Confidence,0,Map Boundary,GMA.DataSources.171,,321
GMA.OtherLines.340,Map Boundary,Standard Confidence,Standard Confidence,0,Map Boundary,GMA.DataSources.171,,321
GMA.OtherLines.344,Map Boundary,Standard Confidence,Standard Confidence,0,Map Boundary,GMA.DataSources.171,,321
GMA.OtherLines.346,Map Boundary,Standard Confidence,Standard Confidence,0,Map Boundary,GMA.DataSources.171,,321
GMA.OtherLines.348,Map Boundary,Standard Confidence,Standard Confidence,0,Map Boundary,GMA.DataSources.171,,321
GMA.OtherLines.350,Map Boundary,Standard Confidence,Standard Confidence,0,Map Boundary,GMA.DataSources.171,,321
GMA.OtherLines.388,Map Boundary,Standard Confidence,Standard Confidence,0,Map Boundary,GMA.DataSources.171,,321
GMA.OtherLines.390,Map Boundary,Standard Confidence,Standard Confidence,0,Map Boundary,GMA.DataSources.171,,321
GMA.OtherLines.392,Map Boundary,Standard Confidence,Standard Confidence,0,Map Boundary,GMA.DataSources.171,,321
GMA.OtherLines.394,Map Boundary,Standard Confidence,Standard Confidence,0,Map Boundary,GMA.DataSources.171,,321
GMA.OtherLines.396,Map Boundary,Standard Confidence,Standard Confidence,0,Map Boundary,GMA.DataSources.171,,321
GMA.OtherLines.398,Map Boundary,Standard Confidence,Standard Confidence,0,Map Boundary,GMA.DataSources.171,,321
GMA.OtherLines.352,Map Boundary,Standard Confidence,Standard Confidence,0,Map Boundary,GMA.DataSources.171,,321
GMA.OtherLines.354,Map Boundary,Standard Confidence,Standard Confidence,0,Map Boundary,GMA.DataSources.171,,321
GMA.OtherLines.356,Map Boundary,Standard Confidence,Standard Confidence,0,Map Boundary,GMA.DataSources.171,,321
GMA.OtherLines.358,Map Boundary,Standard Confidence,Standard Confidence,0,Map Boundary,GMA.DataSources.171,,321
GMA.OtherLines.360,Map Boundary,Standard Confidence,Standard Confidence,0,Map Boundary,GMA.DataSources.171,,321
GMA.OtherLines.362,Map Boundary,Standard Confidence,Standard Confidence,0,Map Boundary,GMA.DataSources.171,,321
GMA.OtherLines.364,Map Boundary,Standard Confidence,Standard Confidence,0,Map Boundary,GMA.DataSources.171,,321
GMA.OtherLines.366,Map Boundary,Standard Confidence,Standard Confidence,0,Map Boundary,GMA.DataSources.171,,321
GMA.OtherLines.400,Map Boundary,Standard Confidence,Standard Confidence,0,Map Boundary,GMA.DataSources.171,,321
GMA.OtherLines.402,Map Boundary,Standard Confidence,Standard Confidence,0,Map Boundary,GMA.DataSources.171,,321
GMA.OtherLines.404,Map Boundary,Standard Confidence,Standard Confidence,0,Map Boundary,GMA.DataSources.171,,321
GMA.OtherLines.406,Map Boundary,Standard Confidence,Standard Confidence,0,Map Boundary,GMA.DataSources.171,,321
GMA.OtherLines.408,Map Boundary,Standard Confidence,Standard Confidence,0,Map Boundary,GMA.DataSources.171,,321
GMA.OtherLines.410,Map Boundary,Standard Confidence,Standard Confidence,0,Map Boundary,GMA.DataSources.171,,321
GMA.OtherLines.412,Map Boundary,Standard Confidence,Standard Confidence,0,Map Boundary,GMA.DataSources.171,,321
GMA.OtherLines.414,Map Boundary,Standard Confidence,Standard Confidence,0,Map Boundary,GMA.DataSources.171,,321
GMA.OtherLines.416,Map Boundary,Standard Confidence,Standard Confidence,0,Map Boundary,GMA.DataSources.171,,321
GMA.OtherLines.418,Map Boundary,Standard Confidence,Standard Confidence,0,Map Boundary,GMA.DataSources.171,,321
GMA.OtherLines.420,Map Boundary,Standard Confidence,Standard Confidence,0,Map Boundary,GMA.DataSources.171,,321
GMA.OtherLines.422,Map Boundary,Standard Confidence,Standard Confidence,0,Map Boundary,GMA.DataSources.171,,321
GMA.OtherLines.424,Map Boundary,Standard Confidence,Standard Confidence,0,Map Boundary,GMA.DataSources.171,,321
GMA.OtherLines.426,Map Boundary,Standard Confidence,Standard Confidence,0,Map Boundary,GMA.DataSources.171,,321
GMA.OtherLines.428,Map Boundary,Standard Confidence,Standard Confidence,0,Map Boundary,GMA.DataSources.171,,321
GMA.OtherLines.368,Map Boundary,Standard Confidence,Standard Confidence,0,Map Boundary,GMA.DataSources.171,,321
GMA.OtherLines.370,Map Boundary,Standard Confidence,Standard Confidence,0,Map Boundary,GMA.DataSources.171,,321
GMA.OtherLines.372,Map Boundary,Standard Confidence,Standard Confidence,0,Map Boundary,GMA.DataSources.171,,321
GMA.OtherLines.374,Map Boundary,Standard Confidence,Standard Confidence,0,Map Boundary,GMA.DataSources.171,,321
GMA.OtherLines.376,Map Boundary,Standard Confidence,Standard Confidence,0,Map Boundary,GMA.DataSources.171,,321
GMA.OtherLines.378,Map Boundary,Standard Confidence,Standard Confidence,0,Map Boundary,GMA.DataSources.171,,321
GMA.OtherLines.380,Map Boundary,Standard Confidence,Standard Confidence,0,Map Boundary,GMA.DataSources.171,,321
GMA.OtherLines.382,Map Boundary,Standard Confidence,Standard Confidence,0,Map Boundary,GMA.DataSources.171,,321
GMA.OtherLines.384,Map Boundary,Standard Confidence,Standard Confidence,0,Map Boundary,GMA.DataSources.171,,321
GMA.OtherLines.386,Map Boundary,Standard Confidence,Standard Confidence,0,Map Boundary,GMA.DataSources.171,,321
GMA.OtherLines.430,Map Boundary,Standard Confidence,Standard Confidence,0,Map Boundary,GMA.DataSources.171,,321
GMA.OtherLines.434,Map Boundary,Standard Confidence,Standard Confidence,0,Map Boundary,GMA.DataSources.171,,321
GMA.OtherLines.436,Map Boundary,Standard Confidence,Standard Confidence,0,Map Boundary,GMA.DataSources.171,,321
GMA.OtherLines.438,Map Boundary,Standard Confidence,Standard Confidence,0,Map Boundary,GMA.DataSources.171,,321
GMA.OtherLines.440,Map Boundary,Standard Confidence,Standard Confidence,0,Map Boundary,GMA.DataSources.171,,321
GMA.OtherLines.442,Map Boundary,Standard Confidence,Standard Confidence,0,Map Boundary,GMA.DataSources.171,,321
GMA.OtherLines.444,Map Boundary,Standard Confidence,Standard Confidence,0,Map Boundary,GMA.DataSources.171,,321
GMA.OtherLines.446,Map Boundary,Standard Confidence,Standard Confidence,0,Map Boundary,GMA.DataSources.171,,321
GMA.OtherLines.448,Map Boundary,Standard Confidence,Standard Confidence,0,Map Boundary,GMA.DataSources.171,,321
GMA.OtherLines.450,Map Boundary,Standard Confidence,Standard Confidence,0,Map Boundary,GMA.DataSources.171,,321
GMA.OtherLines.482,Map Boundary,Standard Confidence,Standard Confidence,0,Map Boundary,GMA.DataSources.171,,321
GMA.OtherLines.484,Map Boundary,Standard Confidence,Standard Confidence,0,Map Boundary,GMA.DataSources.171,,321
GMA.OtherLines.486,Map Boundary,Standard Confidence,Standard Confidence,0,Map Boundary,GMA.DataSources.171,,321
GMA.OtherLines.488,Map Boundary,Standard Confidence,Standard Confidence,0,Map Boundary,GMA.DataSources.171,,321
GMA.OtherLines.490,Map Boundary,Standard Confidence,Standard Confidence,0,Map Boundary,GMA.DataSources.171,,321
GMA.OtherLines.492,Map Boundary,Standard Confidence,Standard Confidence,0,Map Boundary,GMA.DataSources.171,,321
GMA.OtherLines.494,Map Boundary,Standard Confidence,Standard Confidence,0,Map Boundary,GMA.DataSources.171,,321
GMA.OtherLines.496,Map Boundary,Standard Confidence,Standard Confidence,0,Map Boundary,GMA.DataSources.171,,321
GMA.OtherLines.498,Map Boundary,Standard Confidence,Standard Confidence,0,Map Boundary,GMA.DataSources.171,,321
GMA.OtherLines.500,Map Boundary,Standard Confidence,Standard Confidence,0,Map Boundary,GMA.DataSources.171,,321
GMA.OtherLines.502,Map Boundary,Standard Confidence,Standard Confidence,0,Map Boundary,GMA.DataSources.171,,321
GMA.OtherLines.504,Map Boundary,Standard Confidence,Standard Confidence,0,Map Boundary,GMA.DataSources.171,,321
GMA.OtherLines.506,Map Boundary,Standard Confidence,Standard Confidence,0,Map Boundary,GMA.DataSources.171,,321
GMA.OtherLines.508,Map Boundary,Standard Confidence,Standard Confidence,0,Map Boundary,GMA.DataSources.171,,321
GMA.OtherLines.510,Map Boundary,Standard Confidence,Standard Confidence,0,Map Boundary,GMA.DataSources.171,,321
GMA.OtherLines.512,Map Boundary,Standard Confidence,Standard Confidence,0,Map Boundary,GMA.DataSources.171,,321
GMA.OtherLines.514,Map Boundary,Standard Confidence,Standard Confidence,0,Map Boundary,GMA.DataSources.171,,321
GMA.OtherLines.516,Map Boundary,Standard Confidence,Standard Confidence,0,Map Boundary,GMA.DataSources.171,,321
GMA.OtherLines.518,Map Boundary,Standard Confidence,Standard Confidence,0,Map Boundary,GMA.DataSources.171,,321
GMA.OtherLines.520,Map Boundary,Standard Confidence,Standard Confidence,0,Map Boundary,GMA.DataSources.171,,321
GMA.OtherLines.522,Map Boundary,Standard Confidence,Standard Confidence,0,Map Boundary,GMA.DataSources.171,,321
GMA.OtherLines.524,Map Boundary,Standard Confidence,Standard Confidence,0,Map Boundary,GMA.DataSources.171,,321
GMA.OtherLines.526,Map Boundary,Standard Confidence,Standard Confidence,0,Map Boundary,GMA.DataSources.171,,321
GMA.OtherLines.528,Map Boundary,Standard Confidence,Standard Confidence,0,Map Boundary,GMA.DataSources.171,,321
GMA.OtherLines.530,Map Boundary,Standard Confidence,Standard Confidence,0,Map Boundary,GMA.DataSources.171,,321
GMA.OtherLines.532,Map Boundary,Standard Confidence,Standard Confidence,0,Map Boundary,GMA.DataSources.171,,321
GMA.OtherLines.534,Map Boundary,Standard Confidence,Standard Confidence,0,Map Boundary,GMA.DataSources.171,,321
GMA.OtherLines.536,Map Boundary,Standard Confidence,Standard Confidence,0,Map Boundary,GMA.DataSources.171,,321
GMA.OtherLines.538,Map Boundary,Standard Confidence,Standard Confidence,0,Map Boundary,GMA.DataSources.171,,321
GMA.OtherLines.540,Map Boundary,Standard Confidence,Standard Confidence,0,Map Boundary,GMA.DataSources.171,,321
GMA.OtherLines.452,Map Boundary,Standard Confidence,Standard Confidence,0,Map Boundary,GMA.DataSources.171,,321
GMA.OtherLines.454,Map Boundary,Standard Confidence,Standard Confidence,0,Map Boundary,GMA.DataSources.171,,321
GMA.OtherLines.456,Map Boundary,Standard Confidence,Standard Confidence,0,Map Boundary,GMA.DataSources.171,,321
GMA.OtherLines.458,Map Boundary,Standard Confidence,Standard Confidence,0,Map Boundary,GMA.DataSources.171,,321
GMA.OtherLines.460,Map Boundary,Standard Confidence,Standard Confidence,0,Map Boundary,GMA.DataSources.171,,321
GMA.OtherLines.462,Map Boundary,Standard Confidence,Standard Confidence,0,Map Boundary,GMA.DataSources.171,,321
GMA.OtherLines.464,Map Boundary,Standard Confidence,Standard Confidence,0,Map Boundary,GMA.DataSources.171,,321
GMA.OtherLines.466,Map Boundary,Standard Confidence,Standard Confidence,0,Map Boundary,GMA.DataSources.171,,321
GMA.OtherLines.468,Map Boundary,Standard Confidence,Standard Confidence,0,Map Boundary,GMA.DataSources.171,,321
GMA.OtherLines.470,Map Boundary,Standard Confidence,Standard Confidence,0,Map Boundary,GMA.DataSources.171,,321
GMA.OtherLines.472,Map Boundary,Standard Confidence,Standard Confidence,0,Map Boundary,GMA.DataSources.171,,321
GMA.OtherLines.474,Map Boundary,Standard Confidence,Standard Confidence,0,Map Boundary,GMA.DataSources.171,,321
GMA.OtherLines.476,Map Boundary,Standard Confidence,Standard Confidence,0,Map Boundary,GMA.DataSources.171,,321
GMA.OtherLines.478,Map Boundary,Standard Confidence,Standard Confidence,0,Map Boundary,GMA.DataSources.171,,321
GMA.OtherLines.480,Map Boundary,Standard Confidence,Standard Confidence,0,Map Boundary,GMA.DataSources.171,,321
GMA.OtherLines.542,Map Boundary,Standard Confidence,Standard Confidence,0,Map Boundary,GMA.DataSources.171,,321
GMA.OtherLines.544,Map Boundary,Standard Confidence,Standard Confidence,0,Map Boundary,GMA.DataSources.171,,321
GMA.OtherLines.546,Map Boundary,Standard Confidence,Standard Confidence,0,Map Boundary,GMA.DataSources.171,,321
GMA.OtherLines.548,Map Boundary,Standard Confidence,Standard Confidence,0,Map Boundary,GMA.DataSources.171,,321
GMA.OtherLines.550,Map Boundary,Standard Confidence,Standard Confidence,0,Map Boundary,GMA.DataSources.171,,321
GMA.OtherLines.552,Map Boundary,Standard Confidence,Standard Confidence,0,Map Boundary,GMA.DataSources.171,,321
GMA.OtherLines.554,Map Boundary,Standard Confidence,Standard Confidence,0,Map Boundary,GMA.DataSources.171,,321
GMA.OtherLines.556,Map Boundary,Standard Confidence,Standard Confidence,0,Map Boundary,GMA.DataSources.171,,321
GMA.OtherLines.558,Map Boundary,Standard Confidence,Standard Confidence,0,Map Boundary,GMA.DataSources.171,,321
GMA.OtherLines.560,Map Boundary,Standard Confidence,Standard Confidence,0,Map Boundary,GMA.DataSources.171,,321
GMA.OtherLines.562,Map Boundary,Standard Confidence,Standard Confidence,0,Map Boundary,GMA.DataSources.171,,321
GMA.OtherLines.564,Map Boundary,Standard Confidence,Standard Confidence,0,Map Boundary,GMA.DataSources.171,,321
GMA.OtherLines.566,Map Boundary,Standard Confidence,Standard Confidence,0,Map Boundary,GMA.DataSources.171,,321
GMA.OtherLines.568,Map Boundary,Standard Confidence,Standard Confidence,0,Map Boundary,GMA.DataSources.171,,321
GMA.OtherLines.570,Map Boundary,Standard Confidence,Standard Confidence,0,Map Boundary,GMA.DataSources.171,,321
GMA.OtherLines.572,Map Boundary,Standard Confidence,Standard Confidence,0,Map Boundary,GMA.DataSources.171,,321
GMA.OtherLines.574,Map Boundary,Standard Confidence,Standard Confidence,0,Map Boundary,GMA.DataSources.171,,321
GMA.OtherLines.576,Map Boundary,Standard Confidence,Standard Confidence,0,Map Boundary,GMA.DataSources.171,,321
GMA.OtherLines.578,Map Boundary,Standard Confidence,Standard Confidence,0,Map Boundary,GMA.DataSources.171,,321
GMA.OtherLines.580,Map Boundary,Standard Confidence,Standard Confidence,0,Map Boundary,GMA.DataSources.171,,321
GMA.OtherLines.582,Map Boundary,Standard Confidence,Standard Confidence,0,Map Boundary,GMA.DataSources.171,,321
GMA.OtherLines.584,Map Boundary,Standard Confidence,Standard Confidence,0,Map Boundary,GMA.DataSources.171,,321
GMA.OtherLines.586,Map Boundary,Standard Confidence,Standard Confidence,0,Map Boundary,GMA.DataSources.171,,321
GMA.OtherLines.588,Map Boundary,Standard Confidence,Standard Confidence,0,Map Boundary,GMA.DataSources.171,,321
GMA.OtherLines.590,Map Boundary,Standard Confidence,Standard Confidence,0,Map Boundary,GMA.DataSources.171,,321
GMA.OtherLines.592,Map Boundary,Standard Confidence,Standard Confidence,0,Map Boundary,GMA.DataSources.171,,321
GMA.OtherLines.594,Map Boundary,Standard Confidence,Standard Confidence,0,Map Boundary,GMA.DataSources.171,,321
GMA.OtherLines.596,Map Boundary,Standard Confidence,Standard Confidence,0,Map Boundary,GMA.DataSources.171,,321
GMA.OtherLines.598,Map Boundary,Standard Confidence,Standard Confidence,0,Map Boundary,GMA.DataSources.171,,321
GMA.OtherLines.600,Map Boundary,Standard Confidence,Standard Confidence,0,Map Boundary,GMA.DataSources.171,,321
GMA.OtherLines.602,Map Boundary,Standard Confidence,Standard Confidence,0,Map Boundary,GMA.DataSources.171,,321
GMA.OtherLines.604,Map Boundary,Standard Confidence,Standard Confidence,0,Map Boundary,GMA.DataSources.171,,321
GMA.OtherLines.606,Map Boundary,Standard Confidence,Standard Confidence,0,Map Boundary,GMA.DataSources.171,,321
GMA.OtherLines.608,Map Boundary,Standard Confidence,Standard Confidence,0,Map Boundary,GMA.DataSources.171,,321
GMA.OtherLines.610,Map Boundary,Standard Confidence,Standard Confidence,0,Map Boundary,GMA.DataSources.171,,321
GMA.OtherLines.612,Map Boundary,Standard Confidence,Standard Confidence,0,Map Boundary,GMA.DataSources.171,,321
GMA.OtherLines.614,Map Boundary,Standard Confidence,Standard Confidence,0,Map Boundary,GMA.DataSources.171,,321
GMA.OtherLines.616,Map Boundary,Standard Confidence,Standard Confidence,0,Map Boundary,GMA.DataSources.171,,321
GMA.OtherLines.618,Map Boundary,Standard Confidence,Standard Confidence,0,Map Boundary,GMA.DataSources.171,,321
GMA.OtherLines.620,Map Boundary,Standard Confidence,Standard Confidence,0,Map Boundary,GMA.DataSources.171,,321
GMA.OtherLines.622,Map Boundary,Standard Confidence,Standard Confidence,0,Map Boundary,GMA.DataSources.171,,321
GMA.OtherLines.624,Map Boundary,Standard Confidence,Standard Confidence,0,Map Boundary,GMA.DataSources.171,,321
GMA.OtherLines.626,Map Boundary,Standard Confidence,Standard Confidence,0,Map Boundary,GMA.DataSources.171,,321
GMA.OtherLines.628,Map Boundary,Standard Confidence,Standard Confidence,0,Map Boundary,GMA.DataSources.171,,321
GMA.OtherLines.630,Map Boundary,Standard Confidence,Standard Confidence,0,Map Boundary,GMA.DataSources.171,,321
GMA.OtherLines.632,Map Boundary,Standard Confidence,Standard Confidence,0,Map Boundary,GMA.DataSources.171,,321
GMA.OtherLines.634,Map Boundary,Standard Confidence,Standard Confidence,0,Map Boundary,GMA.DataSources.171,,321
GMA.OtherLines.636,Map Boundary,Standard Confidence,Standard Confidence,0,Map Boundary,GMA.DataSources.171,,321
GMA.OtherLines.638,Map Boundary,Standard Confidence,Standard Confidence,0,Map Boundary,GMA.DataSources.171,,321
GMA.OtherLines.640,Map Boundary,Standard Confidence,Standard Confidence,0,Map Boundary,GMA.DataSources.171,,321
GMA.OtherLines.642,Map Boundary,Standard Confidence,Standard Confidence,0,Map Boundary,GMA.DataSources.171,,321
GMA.OtherLines.644,Map Boundary,Standard Confidence,Standard Confidence,0,Map Boundary,GMA.DataSources.171,,321
GMA.OtherLines.646,Map Boundary,Standard Confidence,Standard Confidence,0,Map Boundary,GMA.DataSources.171,,321
GMA.OtherLines.648,Map Boundary,Standard Confidence,Standard Confidence,0,Map Boundary,GMA.DataSources.171,,321
GMA.OtherLines.650,Map Boundary,Standard Confidence,Standard Confidence,0,Map Boundary,GMA.DataSources.171,,321
GMA.OtherLines.652,Map Boundary,Standard Confidence,Standard Confidence,0,Map Boundary,GMA.DataSources.171,,321
GMA.OtherLines.654,Map Boundary,Standard Confidence,Standard Confidence,0,Map Boundary,GMA.DataSources.171,,321
GMA.OtherLines.656,Map Boundary,Standard Confidence,Standard Confidence,0,Map Boundary,GMA.DataSources.171,,321
GMA.OtherLines.658,Map Boundary,Standard Confidence,Standard Confidence,0,Map Boundary,GMA.DataSources.171,,321
GMA.OtherLines.660,Map Boundary,Standard Confidence,Standard Confidence,0,Map Boundary,GMA.DataSources.171,,321
GMA.OtherLines.662,Map Boundary,Standard Confidence,Standard Confidence,0,Map Boundary,GMA.DataSources.171,,321
GMA.OtherLines.664,Map Boundary,Standard Confidence,Standard Confidence,0,Map Boundary,GMA.DataSources.171,,321
GMA.OtherLines.666,Map Boundary,Standard Confidence,Standard Confidence,0,Map Boundary,GMA.DataSources.171,,321
GMA.OtherLines.668,Map Boundary,Standard Confidence,Standard Confidence,0,Map Boundary,GMA.DataSources.171,,321
GMA.OtherLines.670,Map Boundary,Standard Confidence,Standard Confidence,0,Map Boundary,GMA.DataSources.171,,321
GMA.OtherLines.672,Map Boundary,Standard Confidence,Standard Confidence,0,Map Boundary,GMA.DataSources.171,,321
GMA.OtherLines.674,Map Boundary,Standard Confidence,Standard Confidence,0,Map Boundary,GMA.DataSources.171,,321
GMA.OtherLines.676,Map Boundary,Standard Confidence,Standard Confidence,0,Map Boundary,GMA.DataSources.171,,321
GMA.OtherLines.678,Map Boundary,Standard Confidence,Standard Confidence,0,Map Boundary,GMA.DataSources.171,,321
GMA.OtherLines.680,Map Boundary,Standard Confidence,Standard Confidence,0,Map Boundary,GMA.DataSources.171,,321
GMA.OtherLines.682,Map Boundary,Standard Confidence,Standard Confidence,0,Map Boundary,GMA.DataSources.171,,321
GMA.OtherLines.684,Map Boundary,Standard Confidence,Standard Confidence,0,Map Boundary,GMA.DataSources.171,,321
GMA.OtherLines.686,Map Boundary,Standard Confidence,Standard Confidence,0,Map Boundary,GMA.DataSources.171,,321
GMA.OtherLines.688,Map Boundary,Standard Confidence,Standard Confidence,0,Map Boundary,GMA.DataSources.171,,321
GMA.OtherLines.690,Map Boundary,Standard Confidence,Standard Confidence,0,Map Boundary,GMA.DataSources.171,,321
GMA.OtherLines.692,Map Boundary,Standard Confidence,Standard Confidence,0,Map Boundary,GMA.DataSources.171,,321
GMA.OtherLines.694,Map Boundary,Standard Confidence,Standard Confidence,0,Map Boundary,GMA.DataSources.171,,321
GMA.OtherLines.696,Map Boundary,Standard Confidence,Standard Confidence,0,Map Boundary,GMA.DataSources.171,,321
GMA.OtherLines.697,Lakeshore,Standard Confidence,Standard Confidence,0,Lakeshore,GMA.DataSources.121,,322
GMA.OtherLines.698,Lakeshore,Standard Confidence,Standard Confidence,0,Lakeshore,GMA.DataSources.121,,322
GMA.OtherLines.699,Lakeshore,Standard Confidence,Standard Confidence,0,Lakeshore,GMA.DataSources.121,,322
GMA.OtherLines.700,Lakeshore,Standard Confidence,Standard Confidence,0,Lakeshore,GMA.DataSources.121,,322
GMA.OtherLines.701,Lakeshore,Standard Confidence,Standard Confidence,0,Lakeshore,GMA.DataSources.121,,322
GMA.OtherLines.702,Lakeshore,Standard Confidence,Standard Confidence,0,Lakeshore,GMA.DataSources.121,,322
GMA.OtherLines.703,Lakeshore,Standard Confidence,Standard Confidence,0,Lakeshore,GMA.DataSources.121,,322
GMA.OtherLines.704,Lakeshore,Standard Confidence,Standard Confidence,0,Lakeshore,GMA.DataSources.121,,322
GMA.OtherLines.705,Lakeshore,Standard Confidence,Standard Confidence,0,Lakeshore,GMA.DataSources.121,,322
GMA.OtherLines.706,Lakeshore,Standard Confidence,Standard Confidence,0,Lakeshore,GMA.DataSources.121,,322
GMA.OtherLines.707,Lakeshore,Standard Confidence,Standard Confidence,0,Lakeshore,GMA.DataSources.121,,322
GMA.OtherLines.721,Lakeshore,Standard Confidence,Standard Confidence,0,Lakeshore,GMA.DataSources.121,,322
GMA.OtherLines.722,Lakeshore,Standard Confidence,Standard Confidence,0,Lakeshore,GMA.DataSources.121,,322
GMA.OtherLines.723,Lakeshore,Standard Confidence,Standard Confidence,0,Lakeshore,GMA.DataSources.121,,322
GMA.OtherLines.724,Lakeshore,Standard Confidence,Standard Confidence,0,Lakeshore,GMA.DataSources.121,,322
GMA.OtherLines.725,Lakeshore,Standard Confidence,Standard Confidence,0,Lakeshore,GMA.DataSources.121,,322
GMA.OtherLines.708,Lakeshore,Standard Confidence,Standard Confidence,0,Lakeshore,GMA.DataSources.121,,322
GMA.OtherLines.730,Lakeshore,Standard Confidence,Standard Confidence,0,Lakeshore,GMA.DataSources.121,,322
GMA.OtherLines.731,Lakeshore,Standard Confidence,Standard Confidence,0,Lakeshore,GMA.DataSources.121,,322
GMA.OtherLines.709,Lakeshore,Standard Confidence,Standard Confidence,0,Lakeshore,GMA.DataSources.121,,322
GMA.OtherLines.710,Lakeshore,Standard Confidence,Standard Confidence,0,Lakeshore,GMA.DataSources.121,,322
GMA.OtherLines.711,Lakeshore,Standard Confidence,Standard Confidence,0,Lakeshore,GMA.DataSources.121,,322
GMA.OtherLines.712,Lakeshore,Standard Confidence,Standard Confidence,0,Lakeshore,GMA.DataSources.121,,322
GMA.OtherLines.713,Lakeshore,Standard Confidence,Standard Confidence,0,Lakeshore,GMA.DataSources.121,,322
GMA.OtherLines.714,Lakeshore,Standard Confidence,Standard Confidence,0,Lakeshore,GMA.DataSources.121,,322
GMA.OtherLines.715,Lakeshore,Standard Confidence,Standard Confidence,0,Lakeshore,GMA.DataSources.121,,322
GMA.OtherLines.716,Lakeshore,Standard Confidence,Standard Confidence,0,Lakeshore,GMA.DataSources.121,,322
GMA.OtherLines.717,Lakeshore,Standard Confidence,Standard Confidence,0,Lakeshore,GMA.DataSources.121,,322
GMA.OtherLines.718,Lakeshore,Standard Confidence,Standard Confidence,0,Lakeshore,GMA.DataSources.121,,322
GMA.OtherLines.719,Lakeshore,Standard Confidence,Standard Confidence,0,Lakeshore,GMA.DataSources.121,,322
GMA.OtherLines.720,Lakeshore,Standard Confidence,Standard Confidence,0,Lakeshore,GMA.DataSources.121,,322
GMA.OtherLines.726,Lakeshore,Standard Confidence,Standard Confidence,0,Lakeshore,GMA.DataSources.121,,322
GMA.OtherLines.727,Lakeshore,Standard Confidence,Standard Confidence,0,Lakeshore,GMA.DataSources.121,,322
GMA.OtherLines.728,Lakeshore,Standard Confidence,Standard Confidence,0,Lakeshore,GMA.DataSources.121,,322
GMA.OtherLines.729,Lakeshore,Standard Confidence,Standard Confidence,0,Lakeshore,GMA.DataSources.121,,322
GMA.OtherLines.732,Lakeshore,Standard Confidence,Standard Confidence,0,Lakeshore,GMA.DataSources.121,,322
GMA.OtherLines.733,Lakeshore,Standard Confidence,Standard Confidence,0,Lakeshore,GMA.DataSources.121,,322
GMA.OtherLines.734,Lakeshore,Standard Confidence,Standard Confidence,0,Lakeshore,GMA.DataSources.121,,322
GMA.OtherLines.735,Lakeshore,Standard Confidence,Standard Confidence,0,Lakeshore,GMA.DataSources.121,,322
GMA.OtherLines.736,Lakeshore,Standard Confidence,Standard Confidence,0,Lakeshore,GMA.DataSources.121,,322
GMA.OtherLines.737,Lakeshore,Standard Confidence,Standard Confidence,0,Lakeshore,GMA.DataSources.121,,322
GMA.OtherLines.738,Lakeshore,Standard Confidence,Standard Confidence,0,Lakeshore,GMA.DataSources.84,,322
GMA.OtherLines.739,Lakeshore,Standard Confidence,Standard Confidence,0,Lakeshore,GMA.DataSources.67,,322
GMA.OtherLines.740,Lakeshore,Standard Confidence,Standard Confidence,0,Lakeshore,GMA.DataSources.180,,322
GMA.OtherLines.741,Lakeshore,Standard Confidence,Standard Confidence,0,Lakeshore,GMA.DataSources.67,,322
GMA.OtherLines.742,Lakeshore,Standard Confidence,Standard Confidence,0,Lakeshore,GMA.DataSources.84,,322
GMA.OtherLines.743,Lakeshore,Standard Confidence,Standard Confidence,0,Lakeshore,GMA.DataSources.84,,322
GMA.OtherLines.744,Lakeshore,Standard Confidence,Standard Confidence,0,Lakeshore,GMA.DataSources.84,,322
GMA.OtherLines.745,Lakeshore,Standard Confidence,Standard Confidence,0,Lakeshore,GMA.DataSources.84,,322
GMA.OtherLines.746,Lakeshore,Standard Confidence,Standard Confidence,0,Lakeshore,GMA.DataSources.84,,322
GMA.OtherLines.747,Lakeshore,Standard Confidence,Standard Confidence,0,Lakeshore,GMA.DataSources.84,,322
GMA.OtherLines.748,Lakeshore,Standard Confidence,Standard Confidence,0,Lakeshore,GMA.DataSources.84,,322
GMA.OtherLines.749,Lakeshore,Standard Confidence,Standard Confidence,0,Lakeshore,GMA.DataSources.84,,322
GMA.OtherLines.750,Lakeshore,Standard Confidence,Standard Confidence,0,Lakeshore,GMA.DataSources.84,,322
GMA.OtherLines.751,Lakeshore,Standard Confidence,Standard Confidence,0,Lakeshore,GMA.DataSources.84,,322
GMA.OtherLines.752,Lakeshore,Standard Confidence,Standard Confidence,0,Lakeshore,GMA.DataSources.84,,322
GMA.OtherLines.753,Lakeshore,Standard Confidence,Standard Confidence,0,Lakeshore,GMA.DataSources.84,,322
GMA.OtherLines.754,Lakeshore,Standard Confidence,Standard Confidence,0,Lakeshore,GMA.DataSources.84,,322
GMA.OtherLines.755,Lakeshore,Standard Confidence,Standard Confidence,0,Lakeshore,GMA.DataSources.84,,322
GMA.OtherLines.756,Lakeshore,Standard Confidence,Standard Confidence,0,Lakeshore,GMA.DataSources.84,,322
GMA.OtherLines.757,Lakeshore,Standard Confidence,Standard Confidence,0,Lakeshore,GMA.DataSources.84,,322
GMA.OtherLines.758,Lakeshore,Standard Confidence,Standard Confidence,0,Lakeshore,GMA.DataSources.84,,322
GMA.OtherLines.759,Lakeshore,Standard Confidence,Standard Confidence,0,Lakeshore,GMA.DataSources.84,,322
GMA.OtherLines.760,Lakeshore,Standard Confidence,Standard Confidence,0,Lakeshore,GMA.DataSources.180,,322
GMA.OtherLines.761,Lakeshore,Standard Confidence,Standard Confidence,0,Lakeshore,GMA.DataSources.180,,322
GMA.OtherLines.762,Lakeshore,Standard Confidence,Standard Confidence,0,Lakeshore,GMA.DataSources.105,,322
GMA.OtherLines.763,Lakeshore,Standard Confidence,Standard Confidence,0,Lakeshore,GMA.DataSources.105,,322
GMA.OtherLines.764,Lakeshore,Standard Confidence,Standard Confidence,0,Lakeshore,GMA.DataSources.180,,322
GMA.OtherLines.765,Lakeshore,Standard Confidence,Standard Confidence,0,Lakeshore,GMA.DataSources.105,,322
GMA.OtherLines.766,Lakeshore,Standard Confidence,Standard Confidence,0,Lakeshore,GMA.DataSources.180,,322
GMA.OtherLines.767,Lakeshore,Standard Confidence,Standard Confidence,0,Lakeshore,GMA.DataSources.105,,322
GMA.OtherLines.768,Lakeshore,Standard Confidence,Standard Confidence,0,Lakeshore,GMA.DataSources.105,,322
GMA.OtherLines.769,Lakeshore,Standard Confidence,Standard Confidence,0,Lakeshore,GMA.DataSources.105,,322
GMA.OtherLines.770,Lakeshore,Standard Confidence,Standard Confidence,0,Lakeshore,GMA.DataSources.180,,322
GMA.OtherLines.795,Lakeshore,Standard Confidence,Standard Confidence,0,Lakeshore,GMA.DataSources.1,,322
GMA.OtherLines.771,Lakeshore,Standard Confidence,Standard Confidence,0,Lakeshore,GMA.DataSources.121,,322
GMA.OtherLines.772,Lakeshore,Standard Confidence,Standard Confidence,0,Lakeshore,GMA.DataSources.121,,322
GMA.OtherLines.773,Lakeshore,Standard Confidence,Standard Confidence,0,Lakeshore,GMA.DataSources.121,,322
GMA.OtherLines.774,Lakeshore,Standard Confidence,Standard Confidence,0,Lakeshore,GMA.DataSources.121,,322
GMA.OtherLines.775,Lakeshore,Standard Confidence,Standard Confidence,0,Lakeshore,GMA.DataSources.121,,322
GMA.OtherLines.776,Lakeshore,Standard Confidence,Standard Confidence,0,Lakeshore,GMA.DataSources.121,,322
GMA.OtherLines.777,Lakeshore,Standard Confidence,Standard Confidence,0,Lakeshore,GMA.DataSources.121,,322
GMA.OtherLines.778,Lakeshore,Standard Confidence,Standard Confidence,0,Lakeshore,GMA.DataSources.190,,322
GMA.OtherLines.779,Lakeshore,Standard Confidence,Standard Confidence,0,Lakeshore,GMA.DataSources.190,,322
GMA.OtherLines.780,Lakeshore,Standard Confidence,Standard Confidence,0,Lakeshore,GMA.DataSources.121,,322
GMA.OtherLines.781,Lakeshore,Standard Confidence,Standard Confidence,0,Lakeshore,GMA.DataSources.67,,322
GMA.OtherLines.782,Lakeshore,Standard Confidence,Standard Confidence,0,Lakeshore,GMA.DataSources.84,,322
GMA.OtherLines.783,Lakeshore,Standard Confidence,Standard Confidence,0,Lakeshore,GMA.DataSources.180,,322
GMA.OtherLines.785,Lakeshore,Standard Confidence,Standard Confidence,0,Lakeshore,GMA.DataSources.1,,322
GMA.OtherLines.787,Lakeshore,Standard Confidence,Standard Confidence,0,Lakeshore,GMA.DataSources.1,,322
GMA.OtherLines.789,Lakeshore,Standard Confidence,Standard Confidence,0,Lakeshore,GMA.DataSources.1,,322
GMA.OtherLines.791,Lakeshore,Standard Confidence,Standard Confidence,0,Lakeshore,GMA.DataSources.1,,322
GMA.OtherLines.793,Lakeshore,Standard Confidence,Standard Confidence,0,Lakeshore,GMA.DataSources.1,,322
GMA.OtherLines.797,Lakeshore,Standard Confidence,Standard Confidence,0,Lakeshore,GMA.DataSources.1,,322
GMA.OtherLines.799,Lakeshore,Standard Confidence,Standard Confidence,0,Lakeshore,GMA.DataSources.1,,322
GMA.OtherLines.801,Lakeshore,Standard Confidence,Standard Confidence,0,Lakeshore,GMA.DataSources.1,,322
GMA.OtherLines.803,Lakeshore,Standard Confidence,Standard Confidence,0,Lakeshore,GMA.DataSources.1,,322
GMA.OtherLines.805,Lakeshore,Standard Confidence,Standard Confidence,0,Lakeshore,GMA.DataSources.1,,322
GMA.OtherLines.807,Lakeshore,Standard Confidence,Standard Confidence,0,Lakeshore,GMA.DataSources.1,,322
GMA.OtherLines.809,Lakeshore,Standard Confidence,Standard Confidence,0,Lakeshore,GMA.DataSources.1,,322
GMA.OtherLines.811,Lakeshore,Standard Confidence,Standard Confidence,0,Lakeshore,GMA.DataSources.1,,322
GMA.OtherLines.813,Lakeshore,Standard Confidence,Standard Confidence,0,Lakeshore,GMA.DataSources.1,,322
GMA.OtherLines.815,Lakeshore,Standard Confidence,Standard Confidence,0,Lakeshore,GMA.DataSources.1,,322
GMA.OtherLines.817,Lakeshore,Standard Confidence,Standard Confidence,0,Lakeshore,GMA.DataSources.1,,322
GMA.OtherLines.819,Lakeshore,Standard Confidence,Standard Confidence,0,Lakeshore,GMA.DataSources.1,,322
GMA.OtherLines.821,Lakeshore,Standard Confidence,Standard Confidence,0,Lakeshore,GMA.DataSources.1,,322
GMA.OtherLines.823,Lakeshore,Standard Confidence,Standard Confidence,0,Lakeshore,GMA.DataSources.1,,322
GMA.OtherLines.825,Lakeshore,Standard Confidence,Standard Confidence,0,Lakeshore,GMA.DataSources.1,,322
GMA.OtherLines.827,Lakeshore,Standard Confidence,Standard Confidence,0,Lakeshore,GMA.DataSources.1,,322
GMA.OtherLines.829,Lakeshore,Standard Confidence,Standard Confidence,0,Lakeshore,GMA.DataSources.1,,322
GMA.OtherLines.831,Lakeshore,Standard Confidence,Standard Confidence,0,Lakeshore,GMA.DataSources.1,,322
GMA.OtherLines.833,Lakeshore,Standard Confidence,Standard Confidence,0,Lakeshore,GMA.DataSources.1,,322
GMA.OtherLines.835,Lakeshore,Standard Confidence,Standard Confidence,0,Lakeshore,GMA.DataSources.1,,322
GMA.OtherLines.837,Lakeshore,Standard Confidence,Standard Confidence,0,Lakeshore,GMA.DataSources.1,,322
GMA.OtherLines.839,Lakeshore,Standard Confidence,Standard Confidence,0,Lakeshore,GMA.DataSources.1,,322
GMA.OtherLines.841,Lakeshore,Standard Confidence,Standard Confidence,0,Lakeshore,GMA.DataSources.1,,322
GMA.OtherLines.843,Lakeshore,Standard Confidence,Standard Confidence,0,Lakeshore,GMA.DataSources.1,,322
GMA.OtherLines.845,Lakeshore,Standard Confidence,Standard Confidence,0,Lakeshore,GMA.DataSources.1,,322
